symbol,entry_ts,exit_ts,entry_price,exit_price,qty,notional_in,notional_out,gross_pnl,entry_fee,exit_fee,net_pnl,exit_reason,hold_candles,entry_time_utc,exit_time_utc
WLDUSDT,1789618500000,1789695900000,0.3698,0.3987,270.4164413196322,100.0,107.81503515413736,7.815035154137366,0.055,0.059298269334775555,7.70073688480259,RSI_EXIT,86,2026-09-17 04:15:00 UTC,2026-09-18 01:45:00 UTC
ADAUSDT,1789626600000,1789696800000,0.1976,0.2118,506.07287449392715,100.0,107.18623481781377,7.1862348178137605,0.055,0.05895242914979758,7.072282388663964,RSI_EXIT,78,2026-09-17 06:30:00 UTC,2026-09-18 02:00:00 UTC
ADAUSDT,1789640100000,1789696800000,0.1978,0.2118,505.5611729019211,100.0,107.07785642062689,7.077856420626888,0.055,0.05889282103134479,6.963963599595544,RSI_EXIT,63,2026-09-17 10:15:00 UTC,2026-09-18 02:00:00 UTC
ARUSDT,1789619400000,1789697700000,2.572,2.736,38.88024883359253,100.0,106.37636080870918,6.3763608087091805,0.055,0.05850699844479005,6.2628538102643905,RSI_EXIT,87,2026-09-17 04:30:00 UTC,2026-09-18 02:15:00 UTC
DOGEUSDT,1789614000000,1789700400000,0.08097,0.08347,1235.0253180190193,100.0,103.08756329504754,3.087563295047551,0.055,0.056698159812276154,2.9758651352352747,RSI_EXIT,96,2026-09-17 03:00:00 UTC,2026-09-18 03:00:00 UTC
DOGEUSDT,1789622100000,1789700400000,0.08096,0.08347,1235.1778656126482,100.00000000000001,103.10029644268775,3.100296442687745,0.055000000000000014,0.056705163043478266,2.9885912796442664,RSI_EXIT,87,2026-09-17 05:15:00 UTC,2026-09-18 03:00:00 UTC
DOGEUSDT,1789627500000,1789700400000,0.08094,0.08347,1235.4830738818878,100.0,103.12577217692117,3.1257721769211817,0.055,0.05671917469730665,3.014053002223875,RSI_EXIT,81,2026-09-17 06:45:00 UTC,2026-09-18 03:00:00 UTC
ICPUSDT,1789624800000,1789700400000,2.551,2.769,39.20031360250882,100.00000000000001,108.54566836534693,8.545668365346922,0.055000000000000014,0.059700117600940815,8.430968247745982,RSI_EXIT,84,2026-09-17 06:00:00 UTC,2026-09-18 03:00:00 UTC
ALGOUSDT,1789613100000,1789700400000,0.08984,0.09406,1113.0899376669634,99.99999999999999,104.69723953695458,4.697239536954587,0.05499999999999999,0.05758348174532502,4.584656055209263,RSI_EXIT,97,2026-09-17 02:45:00 UTC,2026-09-18 03:00:00 UTC
ALGOUSDT,1789617600000,1789700400000,0.08991,0.09406,1112.2233344455567,100.00000000000001,104.61572683794907,4.615726837949062,0.055000000000000014,0.057538649760871995,4.50318818818819,RSI_EXIT,92,2026-09-17 04:00:00 UTC,2026-09-18 03:00:00 UTC
ALGOUSDT,1789629300000,1789700400000,0.08984,0.09406,1113.0899376669634,99.99999999999999,104.69723953695458,4.697239536954587,0.05499999999999999,0.05758348174532502,4.584656055209263,RSI_EXIT,79,2026-09-17 07:15:00 UTC,2026-09-18 03:00:00 UTC
ATOMUSDT,1789621200000,1789703100000,1.519,1.62,65.83278472679395,100.0,106.6491112574062,6.649111257406202,0.055,0.05865701119157342,6.535454246214629,RSI_EXIT,91,2026-09-17 05:00:00 UTC,2026-09-18 03:45:00 UTC
INJUSDT,1789630200000,1789715700000,5.56,6.05,17.98561151079137,100.0,108.81294964028778,8.812949640287774,0.055,0.05984712230215829,8.698102517985616,RSI_EXIT,95,2026-09-17 07:30:00 UTC,2026-09-18 07:15:00 UTC
INJUSDT,1789634700000,1789715700000,5.559,6.05,17.988846914912752,100.0,108.83252383522215,8.832523835222155,0.055,0.05985788810937218,8.717665947112783,RSI_EXIT,90,2026-09-17 08:45:00 UTC,2026-09-18 07:15:00 UTC
ETHUSDT,1789613100000,1789739100000,2427.91,2554.35,0.041187688176250355,99.99999999999999,105.2077712930051,5.207771293005097,0.05499999999999999,0.057864274211152804,5.094907018793944,RSI_EXIT,140,2026-09-17 02:45:00 UTC,2026-09-18 13:45:00 UTC
RUNEUSDT,1789873200000,1789919100000,0.5357,0.5586,186.67164457718874,100.0,104.27478066081763,4.274780660817628,0.055,0.057351129363449695,4.162429531454179,RSI_EXIT,51,2026-09-20 03:00:00 UTC,2026-09-20 15:45:00 UTC
NEARUSDT,1789872300000,1789920000000,3.486,3.968,28.686173264486516,100.0,113.82673551348249,13.826735513482493,0.055,0.06260470453241537,13.709130808950079,RSI_EXIT,53,2026-09-20 02:45:00 UTC,2026-09-20 16:00:00 UTC
RENDERUSDT,1789874100000,1789920000000,1.534,1.593,65.1890482398957,100.0,103.84615384615384,3.8461538461538423,0.055,0.057115384615384616,3.7340384615384576,RSI_EXIT,51,2026-09-20 03:15:00 UTC,2026-09-20 16:00:00 UTC
ETHUSDT,1789871400000,1789921800000,2588.57,2640.96,0.0386313678981059,100.0,102.02389736418176,2.0238973641817632,0.055,0.056113143550299976,1.9127842206314634,RSI_EXIT,56,2026-09-20 02:30:00 UTC,2026-09-20 16:30:00 UTC
SUIUSDT,1789872300000,1789921800000,0.8194,0.9067,122.04051745179399,100.0,110.6541371735416,10.654137173541606,0.055,0.060859775445447885,10.53827739809616,RSI_EXIT,55,2026-09-20 02:45:00 UTC,2026-09-20 16:30:00 UTC
DOTUSDT,1789853400000,1789921800000,1.1098,1.1525,90.10632546404759,100.0,103.84754009731485,3.847540097314848,0.055,0.05711614705352317,3.7354239502613247,RSI_EXIT,76,2026-09-19 21:30:00 UTC,2026-09-20 16:30:00 UTC
SEIUSDT,1789873200000,1789922700000,0.04776,0.05123,2093.8023450586265,100.0,107.26549413735343,7.265494137353436,0.055,0.05899602177554439,7.151498115577891,RSI_EXIT,55,2026-09-20 03:00:00 UTC,2026-09-20 16:45:00 UTC
LTCUSDT,1789872300000,1789923600000,56.67,59.23,1.764602082230457,100.0,104.51738133050996,4.517381330509961,0.055,0.05748455973178048,4.404896770778181,RSI_EXIT,57,2026-09-20 02:45:00 UTC,2026-09-20 17:00:00 UTC
BTCUSDT,1789873200000,1789979400000,80217.8,83502.0,0.0012466061148523144,99.99999999999999,104.09410380239797,4.094103802397967,0.05499999999999999,0.05725175709131888,3.9818520453066486,RSI_EXIT,118,2026-09-20 03:00:00 UTC,2026-09-21 08:30:00 UTC
FILUSDT,1789927200000,1789982100000,0.9449,1.0107,105.83130489998942,100.0,106.9636998624193,6.9636998624193005,0.055,0.05883003492433062,6.84986982749497,RSI_EXIT,61,2026-09-20 18:00:00 UTC,2026-09-21 09:15:00 UTC
FILUSDT,1789944300000,1789982100000,0.9458,1.0107,105.73059843518715,100.0,106.86191583844364,6.861915838443641,0.055,0.058774053711144005,6.748141784732498,RSI_EXIT,42,2026-09-20 22:45:00 UTC,2026-09-21 09:15:00 UTC
FILUSDT,1789956900000,1789982100000,0.9459,1.0107,105.7194206575748,100.0,106.85061845861084,6.850618458610843,0.055,0.05876784015223596,6.736850618458607,RSI_EXIT,28,2026-09-21 02:15:00 UTC,2026-09-21 09:15:00 UTC
AAVEUSDT,1789922700000,1789982100000,137.4,148.45,0.727802037845706,100.0,108.04221251819504,8.042212518195038,0.055,0.05942321688500728,7.927789301310031,RSI_EXIT,66,2026-09-20 16:45:00 UTC,2026-09-21 09:15:00 UTC
AAVEUSDT,1789945200000,1789982100000,137.24,148.45,0.728650539201399,100.0,108.16817254444767,8.168172544447668,0.055,0.059492494899446226,8.053680049548221,RSI_EXIT,41,2026-09-20 23:00:00 UTC,2026-09-21 09:15:00 UTC
WIFUSDT,1789934400000,1789994700000,0.2022,0.2249,494.5598417408507,100.0,111.22650840751731,11.22650840751731,0.055,0.06117457962413453,11.110333827893175,RSI_EXIT,67,2026-09-20 20:00:00 UTC,2026-09-21 12:45:00 UTC
WIFUSDT,1789945200000,1789994700000,0.2022,0.2249,494.5598417408507,100.0,111.22650840751731,11.22650840751731,0.055,0.06117457962413453,11.110333827893175,RSI_EXIT,55,2026-09-20 23:00:00 UTC,2026-09-21 12:45:00 UTC
ARBUSDT,1789855200000,1790118900000,0.2034,0.23353,491.6420845624385,100.0,114.81317600786626,14.813176007866268,0.055,0.06314724680432644,14.695028761061941,RSI_EXIT,293,2026-09-19 22:00:00 UTC,2026-09-22 23:15:00 UTC
ARBUSDT,1789862400000,1790118900000,0.2038,0.23353,490.6771344455348,100.0,114.58783120706573,14.58783120706574,0.055,0.06302330716388616,14.469807899901854,RSI_EXIT,285,2026-09-20 00:00:00 UTC,2026-09-22 23:15:00 UTC
UNIUSDT,1789852500000,1790121600000,8.533,10.468,11.719207781553967,100.0,122.67666705730693,22.676667057306933,0.055,0.06747216688151882,22.554194890425414,RSI_EXIT,299,2026-09-19 21:15:00 UTC,2026-09-23 00:00:00 UTC
UNIUSDT,1790016300000,1790121600000,8.739,10.468,11.442956860052636,100.0,119.78487241103099,19.784872411031,0.055,0.06588167982606705,19.663990731204933,RSI_EXIT,117,2026-09-21 18:45:00 UTC,2026-09-23 00:00:00 UTC
UNIUSDT,1790020800000,1790121600000,8.745,10.468,11.435105774728417,100.0,119.70268724985706,19.70268724985707,0.055,0.06583647798742139,19.58185077186965,RSI_EXIT,112,2026-09-21 20:00:00 UTC,2026-09-23 00:00:00 UTC
OPUSDT,1790013600000,1790259300000,0.12418,0.13267,805.2826542116283,100.0,106.83684973425673,6.836849734256733,0.055,0.058760267353841204,6.723089466902892,RSI_EXIT,273,2026-09-21 18:00:00 UTC,2026-09-24 14:15:00 UTC
OPUSDT,1790020800000,1790259300000,0.12417,0.13267,805.3475074494644,100.0,106.84545381332045,6.845453813320454,0.055,0.05876499959732625,6.731688813723128,RSI_EXIT,265,2026-09-21 20:00:00 UTC,2026-09-24 14:15:00 UTC
WLDUSDT,1790018100000,1790259300000,0.4346,0.4476,230.0966405890474,100.0,102.99125632765762,2.991256327657619,0.055,0.056645190980211695,2.8796111366774073,RSI_EXIT,268,2026-09-21 19:15:00 UTC,2026-09-24 14:15:00 UTC
LINKUSDT,1790155800000,1790274600000,12.898,13.267,7.753140021708792,100.0,102.86090866801054,2.8609086680105427,0.055,0.0565734997674058,2.7493351682431366,RSI_EXIT,132,2026-09-23 09:30:00 UTC,2026-09-24 18:30:00 UTC
KASUSDT,1790273700000,1790326800000,0.03984,0.04154,2510.0401606425703,100.0,104.26706827309238,4.26706827309237,0.055,0.05734688755020081,4.154721385542169,RSI_EXIT,59,2026-09-24 18:15:00 UTC,2026-09-25 09:00:00 UTC
JASMYUSDT,1789875000000,1790334000000,0.004021,0.004686,24869.43546381497,100.0,116.53817458343696,16.538174583436952,0.055,0.06409599602089033,16.419078587416063,RSI_EXIT,510,2026-09-20 03:30:00 UTC,2026-09-25 11:00:00 UTC
STXUSDT,1790139600000,1790410500000,0.3339,0.3533,299.4908655286014,99.99999999999999,105.81012279125487,5.810122791254875,0.05499999999999999,0.05819556753519018,5.696927223719685,RSI_EXIT,301,2026-09-23 05:00:00 UTC,2026-09-26 08:15:00 UTC
STXUSDT,1790145900000,1790410500000,0.3335,0.3533,299.8500749625187,100.0,105.93703148425786,5.937031484257866,0.055,0.058265367316341826,5.823766116941524,RSI_EXIT,294,2026-09-23 06:45:00 UTC,2026-09-26 08:15:00 UTC
FILUSDT,1790012700000,1790433900000,0.9576,1.1667,104.42773600668338,100.0,121.8358395989975,21.8358395989975,0.055,0.06700971177944863,21.71382988721805,RSI_EXIT,468,2026-09-21 17:45:00 UTC,2026-09-26 14:45:00 UTC
ARUSDT,1790018100000,1790435700000,4.479,4.972,22.326412145568206,100.0,111.00692118776513,11.006921187765133,0.055,0.06105380665327083,10.890867381111862,RSI_EXIT,464,2026-09-21 19:15:00 UTC,2026-09-26 15:15:00 UTC
ARUSDT,1790024400000,1790435700000,4.47,4.972,22.371364653243848,100.0,111.23042505592842,11.230425055928427,0.055,0.061176733780760634,11.114248322147667,RSI_EXIT,457,2026-09-21 21:00:00 UTC,2026-09-26 15:15:00 UTC
ORDIUSDT,1789875000000,1790438400000,4.486,5.189,22.29157378510923,100.0,115.67097637093178,15.670976370931795,0.055,0.06361903700401249,15.552357333927782,RSI_EXIT,626,2026-09-20 03:30:00 UTC,2026-09-26 16:00:00 UTC
ORDIUSDT,1790262900000,1790438400000,4.61,5.189,21.691973969631235,100.0,112.55965292841648,12.55965292841648,0.055,0.06190780911062907,12.442745119305851,RSI_EXIT,195,2026-09-24 15:15:00 UTC,2026-09-26 16:00:00 UTC
ORDIUSDT,1790276400000,1790438400000,4.615,5.189,21.668472372697725,100.0,112.4377031419285,12.437703141928491,0.055,0.061840736728060675,12.320862405200431,RSI_EXIT,180,2026-09-24 19:00:00 UTC,2026-09-26 16:00:00 UTC
GALAUSDT,1789874100000,1790440200000,0.001878,0.002348,53248.13631522897,100.0,125.02662406815762,25.026624068157613,0.055,0.0687646432374867,24.902859424920127,RSI_EXIT,629,2026-09-20 03:15:00 UTC,2026-09-26 16:30:00 UTC
GALAUSDT,1790262900000,1790440200000,0.001994,0.002348,50150.451354062185,100.0,117.753259779338,17.753259779338,0.055,0.0647642928786359,17.633495486459363,RSI_EXIT,197,2026-09-24 15:15:00 UTC,2026-09-26 16:30:00 UTC
