symbol,entries,closed_trades,wins,losses,win_rate_pct,realized_net_pnl,open_unrealized_net_pnl,total_symbol_pnl,stops,open_lots,open_notional_usdt
BTCUSDT,4,3,3,0,100.0,4.669264318731973,0.6623500965969008,5.3316144153288745,0,1,100.0
ETHUSDT,1,1,1,0,100.0,1.9127842206314634,0.0,1.9127842206314634,0,0,0.0
SOLUSDT,3,3,3,0,100.0,1.532543549274166,0.0,1.532543549274166,0,0,0.0
BNBUSDT,5,3,3,0,100.0,0.8652858180865709,-0.6861437052129076,0.17914211287366333,0,2,200.0
XRPUSDT,6,5,5,0,100.0,10.41463558798477,-0.8593291106514888,9.555306477333282,0,1,100.0
DOGEUSDT,2,1,1,0,100.0,1.2508424106085867,0.3631367706082002,1.613979181216787,0,1,100.0
ADAUSDT,1,1,1,0,100.0,6.709668049792521,0.0,6.709668049792521,0,0,0.0
AVAXUSDT,1,0,0,0,0.0,0.0,3.502809940694722,3.502809940694722,0,1,100.0
LINKUSDT,2,2,2,0,100.0,6.8008441152493315,0.0,6.8008441152493315,0,0,0.0
SUIUSDT,2,2,2,0,100.0,18.19099584469811,0.0,18.19099584469811,0,0,0.0
NEARUSDT,2,2,2,0,100.0,17.465272993999744,0.0,17.465272993999744,0,0,0.0
APTUSDT,0,0,0,0,0.0,0.0,0.0,0.0,0,0,0.0
LTCUSDT,2,1,1,0,100.0,4.404896770778181,0.7488033525848703,5.153700123363051,0,1,100.0
DOTUSDT,4,4,4,0,100.0,55.8202881012199,0.0,55.8202881012199,0,0,0.0
BCHUSDT,5,2,2,0,100.0,16.45729209827736,2.7170802496653197,19.17437234794268,0,3,300.0
TRXUSDT,2,1,1,0,100.0,0.5096767050487129,-3.048703056768574,-2.539026351719861,0,1,100.0
UNIUSDT,5,5,5,0,100.0,102.58009705472419,0.0,102.58009705472419,0,0,0.0
FILUSDT,5,5,5,0,100.0,60.16304496098858,0.0,60.16304496098858,0,0,0.0
ETCUSDT,1,0,0,0,0.0,0.0,0.599205147214575,0.599205147214575,0,1,99.99999999999999
INJUSDT,1,1,1,0,100.0,3.1460767531750498,0.0,3.1460767531750498,0,0,0.0
WIFUSDT,5,4,4,0,100.0,37.421835369626365,0.951073907717432,38.372909277343794,0,1,100.0
RENDERUSDT,0,0,0,0,0.0,0.0,0.0,0.0,0,0,0.0
TIAUSDT,3,3,3,0,100.0,4.569100197772436,0.0,4.569100197772436,0,0,0.0
ARBUSDT,5,4,4,0,100.0,46.49575201371633,2.97339044792229,49.46914246163862,0,1,100.0
OPUSDT,3,3,3,0,100.0,18.511383743448484,0.0,18.511383743448484,0,0,0.0
ATOMUSDT,2,2,2,0,100.0,2.0918470664562983,0.0,2.0918470664562983,0,0,0.0
SEIUSDT,3,3,3,0,100.0,17.75775665893037,0.0,17.75775665893037,0,0,0.0
STXUSDT,3,3,3,0,100.0,16.42490873107991,0.0,16.42490873107991,0,0,0.0
ORDIUSDT,3,3,3,0,100.0,37.03579076037373,0.0,37.03579076037373,0,0,0.0
AAVEUSDT,4,4,4,0,100.0,24.613111682715143,0.0,24.613111682715143,0,0,0.0
ICPUSDT,1,1,1,0,100.0,4.441035218783355,0.0,4.441035218783355,0,0,0.0
GALAUSDT,2,2,2,0,100.0,22.60544463900174,0.0,22.60544463900174,0,0,0.0
KASUSDT,1,1,1,0,100.0,4.154721385542169,0.0,4.154721385542169,0,0,0.0
JASMYUSDT,1,1,1,0,100.0,5.50906572964034,0.0,5.50906572964034,0,0,0.0
WLDUSDT,3,3,3,0,100.0,19.563574680550527,0.0,19.563574680550527,0,0,0.0
ARUSDT,3,3,3,0,100.0,32.82172212896235,0.0,32.82172212896235,0,0,0.0
ALGOUSDT,3,3,3,0,100.0,6.779557004700818,0.0,6.779557004700818,0,0,0.0
RUNEUSDT,3,3,3,0,100.0,17.50699129186359,0.0,17.50699129186359,0,0,0.0
THETAUSDT,3,2,2,0,100.0,16.637316568209364,10.9793370944993,27.616653662708664,0,1,100.0
ENAUSDT,5,5,5,0,100.0,29.925920991560186,0.0,29.925920991560186,0,0,0.0
